{
    "gcd":
    {
        "HPWL": 3177043.0,
        "Wirelength": 3997163,
        "Congestion": 0.33899999999999997,
        "Power": 0.627696,
        "WNS": -1.12723,
        "TNS": -1163.82,
        "NVP": 1515,
        "Area": 202853
    },
    "swerv_wrapper": {
        "HPWL": 3177043.0,
        "Wirelength": 3997163,
        "Congestion": 0.33899999999999997,
        "Power": 0.627696,
        "WNS": -1.12723,
        "TNS": -1163.82,
        "NVP": 1515,
        "Area": 202853
    },
    "ariane133": {
        "HPWL": 5260791.9,
        "Wirelength": 6825071,
        "Congestion": 0.2346,
        "Power": 0.3587,
        "WNS": -0.497618,
        "TNS": -596.718,
        "NVP": 2274,
        "Area": 352706
    },
    "bp_fe": {
        "HPWL": 1468799.8,
        "Wirelength": 1770176,
        "Congestion": 0.3186,
        "Power": 0.2854824,
        "WNS": -1.0921,
        "TNS": -491.698,
        "NVP": 1870,
        "Area": 75884.5
    },
    "bp": {
        "HPWL": 6389902.6,
        "Wirelength": 8365647,
        "Congestion": 0.3655,
        "Power": 0.24722919999999998,
        "WNS": -1.67379,
        "TNS": -219.229,
        "NVP": 1095,
        "Area": 484494
    },
    "bp_be": {
        "HPWL": 2370091.6,
        "Wirelength": 2835542,
        "Congestion": 0.4086,
        "Power": 0.409459,
        "WNS": -1.86197,
        "TNS": -2343.29,
        "NVP": 5013,
        "Area": 118786
    },
    "ariane136": {
        "HPWL": 5561870.0,
        "Wirelength": 7124942,
        "Congestion": 0.24600000000000002,
        "Power": 0.5462670000000001,
        "WNS": -1.42043,
        "TNS": -3707.93,
        "NVP": 3473,
        "Area": 360120
    },
    "dft48": {
        "HPWL": 1981412.2,
        "Wirelength": 2267002,
        "Congestion": 0.1979,
        "Power": 0.256657,
        "WNS": -0.659622,
        "TNS": -393.111,
        "NVP": 1411,
        "Area": 84300.2
    },
    "or1200": {
        "HPWL": 1223792.9,
        "Wirelength": 1405193,
        "Congestion": 0.0341,
        "Power": 0.0603476,
        "WNS": -1.27817,
        "TNS": -1595.73,
        "NVP": 2677,
        "Area": 67276.5
    },
    "picorv32": {
        "HPWL": 87168.8,
        "Wirelength": 134211,
        "Congestion": 0.19469999999999998,
        "Power": 0.048272800000000005,
        "WNS": -0.1072,
        "TNS": -0.660533,
        "NVP": 38,
        "Area": 18972.7
    },
    "FPGA-CAN": {
        "HPWL": 1483498.8,
        "Wirelength": 2394544,
        "Congestion": 0.1797,
        "Power": 0.741897,
        "WNS": -0.403958,
        "TNS": -30.3313,
        "NVP": 1843,
        "Area": 379193
    },
    "CAN-Bus": {
        "HPWL": 3955.1,
        "Wirelength": 5623,
        "Congestion": 0.09210000000000002,
        "Power": 0.00496243,
        "WNS": -0.0790613,
        "TNS": -0.0790613,
        "NVP": 1,
        "Area": 1665.43
    },
    "serv": {
        "HPWL": 7165.0,
        "Wirelength": 10638,
        "Congestion": 0.163,
        "Power": 0.00729283,
        "WNS": -0.564769,
        "TNS": -10.2097,
        "NVP": 73,
        "Area": 2097.94
    },
    "sha256": {
        "HPWL": 113841.8,
        "Wirelength": 168199,
        "Congestion": 0.2023,
        "Power": 0.16246270000000002,
        "WNS": -0.527804,
        "TNS": -8.66696,
        "NVP": 39,
        "Area": 23426.9
    },
    "iot_shield": {
        "HPWL": 5067.3,
        "Wirelength": 7349,
        "Congestion": 0.1195,
        "Power": 0.00557316,
        "WNS": -0.152329,
        "TNS": -2.18632,
        "NVP": 20,
        "Area": 1719.42
    },
    "DE2_CCD_edge": {
        "HPWL": 16689.0,
        "Wirelength": 22746,
        "Congestion": 0.1198,
        "Power": 0.19850840000000003,
        "WNS": -0.919021,
        "TNS": -165.009,
        "NVP": 609,
        "Area": 5758.1
    },
    "8051-master": {
        "HPWL": 141245.3,
        "Wirelength": 207737,
        "Congestion": 0.2009,
        "Power": 0.0733352,
        "WNS": -0.603475,
        "TNS": -16.6643,
        "NVP": 41,
        "Area": 29461.4
    },
    "mor1kx": {
        "HPWL": 2006747.0,
        "Wirelength": 3661548,
        "Congestion": 0.3934,
        "Power": 0.703036,
        "WNS": -0.795778,
        "TNS": -4928.92,
        "NVP": 25509,
        "Area": 313065
    },
    "toygpu": {
        "HPWL": 4657703.6,
        "Wirelength": 7185236,
        "Congestion": 0.2116,
        "Power": 1.1079729999999999,
        "WNS": -1.29444,
        "TNS": -103.668,
        "NVP": 101,
        "Area": 981911
    },
    "subrisc": {
        "HPWL": 14386152.9,
        "Wirelength": 20108941,
        "Congestion": 0.2532,
        "Power": 3.42481,
        "WNS": -0.782122,
        "TNS": -305.819,
        "NVP": 674,
        "Area": 2334330.0
    },
    "OV7670_i2c": {
        "HPWL": 723012.1,
        "Wirelength": 1127120,
        "Congestion": 0.2077,
        "Power": 0.6165349999999999,
        "WNS": -0.465758,
        "TNS": -30.612,
        "NVP": 2327,
        "Area": 156210
    }
}